id,name,category,area,lat,lon,elevation
ben_nevis,Ben Nevis,Munro,Lochaber,56.7969,-5.0035,1345
ben_macdui,Ben Macdui,Munro,Cairngorms,57.0704,-3.6689,1309
braeriach,Braeriach,Munro,Cairngorms,57.0784,-3.7286,1296
cairn_toul,Cairn Toul,Munro,Cairngorms,57.0543,-3.7104,1291
sgor_an_lochain_uaine,Sgòr an Lochain Uaine,Munro,Cairngorms,57.0588,-3.7267,1258
cairngorm,Cairn Gorm,Munro,Cairngorms,57.1167,-3.6433,1245
aonach_beag,Aonach Beag,Munro,Lochaber,56.8253,-4.9710,1234
aonach_mor,Aonach Mòr,Munro,Lochaber,56.8416,-4.9651,1221
ben_lawers,Ben Lawers,Munro,Breadalbane,56.5463,-4.2228,1214
beinn_ghlas,Beinn Ghlas,Munro,Breadalbane,56.5384,-4.2042,1103
carn_mor_dearg,Càrn Mòr Dearg,Munro,Lochaber,56.8104,-4.9486,1220
ben_lomond,Ben Lomond,Munro,Loch Lomond,56.1919,-4.6338,974
the_cairnwell,The Cairnwell,Munro,Cairnwell,56.8782,-3.4185,933
carn_aosda,Càrn Aosda,Munro,Cairnwell,56.8864,-3.4356,917
carn_a_gheoidh,Càrn a' Ghèoidh,Munro,Cairnwell,56.8849,-3.5083,975
beinn_a_bhuird_north_top,Beinn a' Bhùird (North Top),Munro,Cairngorms,57.0905,-3.5857,1197
beinn_a_bhuird_south_top,Beinn a' Bhùird (South Top),Munro,Cairngorms,57.0712,-3.5778,1179
ben_avon,Ben Avon,Munro,Cairngorms,57.1029,-3.5487,1171
stob_choire_claurigh,Stob Choire Claurigh,Munro,Lochaber,56.8373,-4.8598,1177
stob_coire_an_laoigh,Stob Coire an Laoigh,Munro,Lochaber,56.8432,-4.8450,1116
stob_coire_easain,Stob Coire Easain,Munro,Lochaber,56.8115,-4.8050,1115
stob_a_choire_mheadhoin,Stob a' Choire Mheadhoin,Munro,Lochaber,56.8138,-4.8167,1105
beinn_mheadhoin,Beinn Mheadhoin,Munro,Cairngorms,57.0799,-3.6475,1182
derry_cairngorm,Derry Cairngorm,Munro,Cairngorms,57.0281,-3.6362,1155
beinn_bhrotain,Beinn Bhrotain,Munro,Cairngorms,56.9921,-3.7283,1157
monadh_mor,Monadh Mòr,Munro,Cairngorms,56.9830,-3.7093,1113
carn_dearg_sw,Càrn Dearg (SW of Ben Nevis),Munro,Lochaber,56.7778,-5.0337,1020
meall_a_bhuiridh,Meall a' Bhùiridh,Munro,Glen Coe,56.5969,-4.8508,1108
creise,Creise,Munro,Glen Coe,56.6052,-4.8387,1100
schiehallion,Schiehallion,Munro,Breadalbane,56.6591,-4.1013,1083
ben_cruachan,Ben Cruachan,Munro,Argyll,56.4267,-5.0998,1126
stob_dearg_buachaille_etive_mor,Stob Dearg (Buachaille Etive Mòr),Munro,Glen Coe,56.6036,-4.9375,1022
stob_na_broige,Stob na Bròige,Munro,Glen Coe,56.5850,-4.9497,956
bidean_nam_bian,Bidean nam Bian,Munro,Glen Coe,56.6300,-5.0010,1150
stob_coire_sgreamhach,Stob Coire Sgreamhach,Munro,Glen Coe,56.6249,-4.9890,1072
ben_starav,Ben Starav,Munro,Glen Etive,56.5434,-4.9897,1078
glas_bheinn_mhor,Glas Bheinn Mhòr,Munro,Glen Etive,56.5521,-4.9629,997
stob_coir_an_albannaich,Stob Coir' an Albannaich,Munro,Glen Etive,56.5585,-4.9302,1044
meall_nan_eun,Meall nan Eun,Munro,Glen Etive,56.5497,-4.9047,928
beinn_a_chochuill,Beinn a' Chòchuill,Munro,Glen Orchy,56.4740,-5.0222,980
beinn_eunaich,Beinn Eunaich,Munro,Glen Orchy,56.4584,-5.0036,989
ben_lui,Ben Lui,Munro,Glen Orchy,56.4006,-4.8207,1130
ben_oss,Ben Oss,Munro,Glen Orchy,56.3857,-4.7877,1029
beinn_dubhchraig,Beinn Dubhchraig,Munro,Glen Orchy,56.3776,-4.7544,978
beinn_a_chleibh,Beinn a' Chleibh,Munro,Glen Orchy,56.3900,-4.8624,916
ben_more_crianlarich,Ben More (Crianlarich),Munro,Crianlarich,56.3863,-4.5585,1174
stob_binnein,Stob Binnein,Munro,Crianlarich,56.3746,-4.5453,1165
crianlarich_cruach_ardrain,Cruach Ardrain,Munro,Crianlarich,56.3586,-4.5964,1046
beinn_tulaichean,Beinn Tulaichean,Munro,Crianlarich,56.3493,-4.5824,946
an_caisteal,An Caisteal,Munro,Crianlarich,56.3875,-4.6373,995
beinn_chabhair,Beinn Chabhair,Munro,Crianlarich,56.3946,-4.6839,933
beinn_a_chroin,Beinn a' Chròin,Munro,Crianlarich,56.3767,-4.6202,938
beinn_nan_imirean,Beinn nan Imirean,Munro,Crianlarich,56.4249,-4.5756,849
meall_glas,Meall Glas,Munro,Breadalbane,56.4450,-4.4907,959
sgiath_chuil,Sgiath Chuil,Munro,Breadalbane,56.4354,-4.5025,921
meall_nan_tarmachan,Meall nan Tarmachan,Munro,Breadalbane,56.5298,-4.2929,1044
meall_garbh_lawers,Meall Garbh (Lawers),Munro,Breadalbane,56.5536,-4.1783,1118
an_stuc,An Stùc,Munro,Breadalbane,56.5630,-4.1403,1118
meall_greigh,Meall Greigh,Munro,Breadalbane,56.5581,-4.1029,1001
carn_mairg,Càrn Mairg,Munro,Breadalbane,56.5994,-4.1658,1041
meall_nan_aighean,Meall nan Aighean,Munro,Breadalbane,56.6011,-4.1321,981
carn_gorm,Càrn Gorm,Munro,Breadalbane,56.6042,-4.2011,1029
meall_liath,Meall Liath,Munro,Breadalbane,56.5956,-4.1872,984
carn_a_chlamain,Càrn a' Chlamain,Munro,Drumochter,56.8782,-3.8592,963
a_bhuidheanach_bheag,A' Bhuidheanach Bheag,Munro,Drumochter,56.8618,-4.0050,936
carn_na_caim,Càrn na Càim,Munro,Drumochter,56.8739,-4.0263,941
beinn_udlamain,Beinn Udlamain,Munro,Drumochter,56.8680,-4.0658,1011
sgairneach_mhor,Sgairneach Mhòr,Munro,Drumochter,56.8549,-4.0905,991
geal_charn_drumochter,Geal-chàrn (Drumochter),Munro,Drumochter,56.8773,-4.1229,917
meall_chuaich,Meall Chuaich,Munro,Drumochter,56.9217,-4.1502,951
carn_dearg_monadh_liath,Càrn Dearg (Monadh Liath),Munro,Monadhliath,57.0695,-4.0827,945
carn_sgulain,Càrn Sgùlain,Munro,Monadhliath,57.0920,-4.0478,920
a_chailleach_monadh_liath,A' Chailleach (Monadh Liath),Munro,Monadhliath,57.0879,-4.1206,930
carn_ban_mor,Càrn Bàn Mòr,Munro,Monadhliath,57.0521,-4.0303,942
geal_charn_monadh_liath,Geal Chàrn (Monadh Liath),Munro,Monadhliath,57.0755,-4.1714,926
sgor_gaoith,Sgòr Gaoith,Munro,Cairngorms,57.0472,-3.7847,1118
mullach_clach_a_bhlair,Mullach Clach a' Bhlair,Munro,Cairngorms,57.0104,-3.7578,1019
beinn_bhreac,Beinn Bhreac,Munro,Cairngorms,57.0391,-3.5942,931
beinn_a_chaorainn,Beinn a' Chaorainn,Munro,Cairngorms,57.0485,-3.5562,1082
lochnagar,Lochnagar,Munro,Lochnagar,56.9590,-3.2430,1155
cac_carn_beag,Cac Carn Beag,Munro,Lochnagar,56.9630,-3.2325,1150
carn_a_choire_bhoidheach,Càrn a' Choire Bhoidheach,Munro,Lochnagar,56.9490,-3.2630,1118
carn_an_t_sagairt_mor,Càrn an t-Sagairt Mòr,Munro,Lochnagar,56.9320,-3.2860,1047
cairn_bannoch,Cairn Bannoch,Munro,Lochnagar,56.9218,-3.3010,1012
broad_cairn,Broad Cairn,Munro,Lochnagar,56.9118,-3.2825,998
mount_keen,Mount Keen,Munro,Angus Glens,56.9588,-2.9952,939
glas_maol,Glas Maol,Munro,Cairnwell,56.8641,-3.3680,1068
cairn_of_claise,Cairn of Claise,Munro,Cairnwell,56.8745,-3.4272,1064
tom_buidhe,Tom Buidhe,Munro,Angus Glens,56.8493,-3.2960,957
tolmount,Tolmount,Munro,Angus Glens,56.8671,-3.3047,958
carn_an_tuirc,Càrn an Tuirc,Munro,Cairnwell,56.8783,-3.4010,1019
creag_leacach,Creag Leacach,Munro,Cairnwell,56.8451,-3.3824,987
driesh,Driesh,Munro,Angus Glens,56.8125,-3.2571,947
mayar,Mayar,Munro,Angus Glens,56.8132,-3.2910,928
ben_chonzie,Ben Chonzie,Munro,Breadalbane,56.4889,-3.9797,931
stuchd_an_lochain,Stùchd an Lochain,Munro,Breadalbane,56.5915,-4.3530,960
meall_buidhe_lyon,Meall Buidhe (Glen Lyon),Munro,Breadalbane,56.6027,-4.3792,932
meall_nan_subh,Meall nan Sùbh,Munro,Breadalbane,56.6133,-4.3983,806
meall_ghaordaidh,Meall Ghaordaidh,Munro,Breadalbane,56.5369,-4.3545,1039
beinn_heasgarnich,Beinn Heasgarnich,Munro,Breadalbane,56.5125,-4.3961,1078
creag_mhor,Creag Mhòr,Munro,Breadalbane,56.5171,-4.4482,1047
beinn_achaladair,Beinn Achaladair,Munro,Breadalbane,56.5002,-4.6710,1038
beinn_a_chreachain,Beinn a' Chreachain,Munro,Breadalbane,56.5094,-4.6339,1081
beinn_mhanach,Beinn Mhanach,Munro,Breadalbane,56.5228,-4.5857,953
beinn_dorain,Beinn Dorain,Munro,Glen Orchy,56.4882,-4.7193,1076
beinn_an_dothaidh,Beinn an Dòthaidh,Munro,Glen Orchy,56.5020,-4.7069,1004
beinn_odhar,Beinn Odhar,Munro,Glen Orchy,56.4686,-4.7413,901
beinn_chaorach,Beinn Chaorach,Munro,Glen Orchy,56.4720,-4.7064,818
beinn_nam_fuaran,Beinn nam Fuaran,Munro,Glen Orchy,56.4784,-4.6833,806
meall_buidhe_knoydart,Meall Buidhe (Knoydart),Munro,Knoydart,57.0493,-5.5048,946
luinne_bheinn,Luinne Bheinn,Munro,Knoydart,57.0519,-5.5520,939
ladhar_bheinn,Ladhar Bheinn,Munro,Knoydart,57.0779,-5.6247,1020
sgurr_mor_quoich,Sgùrr Mòr (Loch Quoich),Munro,Knoydart,57.0434,-5.4048,1003
gairich,Gairich,Munro,Knoydart,57.0433,-5.3349,919
sgurr_na_ciche,Sgùrr na Cìche,Munro,Knoydart,56.9977,-5.5095,1040
garbh_chioch_mhor,Garbh Chioch Mhòr,Munro,Knoydart,56.9896,-5.5348,1013
sgurr_an_fhuarain,Sgùrr an Fhuarain,Munro,Glen Kingie,57.0191,-5.4601,901
sgurr_beag,Sgùrr Beag,Munro,Knoydart,57.0154,-5.4976,896
sgurr_mor_loch_loyne,Sgùrr Mòr (Loch Loyne),Munro,Glen Garry,57.0723,-5.1399,1003
ben_lomond_munro,Gleouraich,Munro,Glen Quoich,57.0876,-5.2083,1035
spidean_mialach,Spidean Mialach,Munro,Glen Quoich,57.0740,-5.1763,996
sgurr_a_mhaoraich,Sgùrr a' Mhaoraich,Munro,Glen Quoich,57.1033,-5.2893,1027
sgurr_nan_conbhairean,Sgùrr nan Conbhairean,Munro,Glen Moriston,57.1606,-4.9624,1109
sail_chaorainn,Sail Chaorainn,Munro,Glen Moriston,57.1702,-4.9435,1002
carn_ghluasaid,Càrn Ghluasaid,Munro,Glen Moriston,57.1481,-4.9876,957
a_chralaig,A' Chràlaig,Munro,Glen Moriston,57.1754,-5.0534,1120
mullach_fraoch_choire,Mullach Fraoch-choire,Munro,Glen Moriston,57.1864,-5.0661,1102
ciste_dhubh,Ciste Dhubh,Munro,Glen Moriston,57.1819,-5.1090,979
aonach_meadhoin,Aonach Meadhoin,Munro,Glen Shiel,57.2000,-5.1472,1001
sgurr_an_doire_leathain,Sgùrr an Doire Leathain,Munro,Glen Shiel,57.1830,-5.2115,1010
sgurr_an_lochain,Sgùrr an Lochain,Munro,Glen Shiel,57.1815,-5.2302,1004
sgurr_beag_shiel,Sgùrr Beag (Glen Shiel),Munro,Glen Shiel,57.1879,-5.2497,896
sgurr_na_sgine,Sgùrr na Sgìne,Munro,Glen Shiel,57.1768,-5.2755,946
the_saddle,The Saddle,Munro,Glen Shiel,57.2040,-5.3210,1010
sgurr_a_bhac_chaolais,Sgùrr a' Bhac Chaolais,Munro,Glen Shiel,57.1975,-5.3079,885
sgurr_mhic_bharraich,Sgùrr Mhic Bharraich,Munro,Glen Shiel,57.2169,-5.3655,779
creag_a_mhaim,Creag a' Mhàim,Munro,Glen Shiel,57.2187,-5.1702,947
druim_shionnach,Druim Shionnach,Munro,Glen Shiel,57.2262,-5.1571,987
aonach_air_chrith,Aonach air Chrith,Munro,Glen Shiel,57.2217,-5.1957,1021
maol_chinn_dearg,Maol Chinn-dearg,Munro,Glen Shiel,57.2258,-5.1921,981
sgurr_coire_na_feinne,Sgùrr Coire na Fèinne,Munro,Glen Shiel,57.2268,-5.1741,916
beinn_sgritheall,Beinn Sgritheall,Munro,Knoydart,57.1434,-5.5438,974
sgurr_na_carnach,Sgùrr na Carnach,Munro,Five Sisters,57.2264,-5.2420,1002
sgurr_fhuaran,Sgùrr Fhuaran,Munro,Five Sisters,57.2291,-5.2547,1067
sgurr_a_bhealaich_dheirg,Sgùrr a' Bhealaich Dheirg,Munro,Glen Shiel,57.2371,-5.2058,1036
sron_a_gart,Spidean Còinich (Five Sisters),Munro,Five Sisters,57.2299,-5.2682,967
sgurr_fiona,Sgùrr Fiona,Munro,An Teallach,57.8007,-5.3029,1060
bidein_a_ghlas_thuill,Bidein a' Ghlas Thuill,Munro,An Teallach,57.7989,-5.2880,1062
a_teallach,An Teallach (Bidein),Munro,An Teallach,57.7994,-5.2953,1062
beinn_dearg_ullapool,Beinn Dearg (Ullapool),Munro,Ullapool,57.8484,-4.8962,1084
cona_mheall,Cona' Mheall,Munro,Ullapool,57.8395,-4.8792,980
meall_nan_ceapraichean,Meall nan Ceapraichean,Munro,Ullapool,57.8296,-4.9084,977
eididh_nan_clach_geala,Eididh nan Clach Geala,Munro,Ullapool,57.8247,-4.9358,928
seana_bhraigh,Seana Bhraigh,Munro,Ross-shire,57.8929,-4.8588,927
beinn_a_chlachair,Beinn a' Chlachair,Munro,Loch Laggan,56.9274,-4.5618,1087
geal_charn_laggan,Geal-chàrn (Loch Laggan),Munro,Loch Laggan,56.9332,-4.6001,1049
creag_pitridh,Creag Pitridh,Munro,Loch Laggan,56.9303,-4.6241,924
stob_poite_coire_ardair,Stob Poite Coire Ardair,Munro,Loch Laggan,56.9645,-4.6822,1054
carn_liath_laggan,Càrn Liath (Loch Laggan),Munro,Loch Laggan,56.9548,-4.6495,1006
creag_meagaidh,Creag Meagaidh,Munro,Loch Laggan,56.9595,-4.6213,1130
beinn_teallach,Beinn Teallach,Munro,Loch Laggan,56.9089,-4.6766,915
beinn_a_chaorainn_laggan,Beinn a' Chaorainn (Laggan),Munro,Loch Laggan,56.9175,-4.7003,1052
leum_uilleim,Leum Uilleim,Munro,Lochaber,56.7875,-4.6588,909
chno_dearg,Chno Dearg,Munro,Lochaber,56.8045,-4.6432,1046
sgurr_choinnich_mor,Sgùrr Choinnich Mòr,Munro,Lochaber,56.8367,-4.9248,1094
sgurr_choinnich_beag,Sgùrr Choinnich Beag,Munro,Lochaber,56.8332,-4.9131,966
beinn_na_lap,Beinn na Lap,Munro,Rannoch,56.8456,-4.5839,937
carn_dearg_rannoch,Càrn Dearg (Rannoch),Munro,Rannoch,56.7904,-4.4926,941
sgor_gaibhre,Sgòr Gaibhre,Munro,Rannoch,56.7882,-4.5265,955
sgor_choinnich,Sgòr Choinnich,Munro,Rannoch,56.7856,-4.4778,929
beinn_mholach,Beinn Mholach,Munro,Rannoch,56.8128,-4.4166,841
ben_alder,Ben Alder,Munro,Ben Alder,56.8125,-4.4817,1148
carn_dearg_ben_alder,Càrn Dearg (Ben Alder),Munro,Ben Alder,56.8219,-4.4588,1034
geal_charn_ben_alder,Geal-chàrn (Ben Alder),Munro,Ben Alder,56.8435,-4.5154,1132
beinn_eibhinn,Beinn Eibhinn,Munro,Ben Alder,56.8501,-4.5569,1100
aonach_beag_alder,Aonach Beag (Alder),Munro,Ben Alder,56.8613,-4.5450,1116
stob_an_aonaich_mhor,Stob an Aonaich Mhòr,Munro,Ben Alder,56.8686,-4.5297,855
carn_dearg_west,Càrn Dearg (West),Munro,Lochaber,56.7788,-5.0639,1020
sgurr_a_mhaim,Sgùrr a' Mhàim,Munro,Mamores,56.7889,-5.0225,1099
sgor_an_iubhair,Sgòr an Iùbhair,Munro,Mamores,56.7931,-4.9891,1001
an_bodach,An Bodach,Munro,Mamores,56.7899,-4.9734,1032
stob_ban_mamores,Stob Bàn (Mamores),Munro,Mamores,56.7861,-4.9523,999
mullach_nan_coirean,Mullach nan Coirean,Munro,Mamores,56.7808,-5.0605,939
na_gruagaichean,Na Gruagaichean,Munro,Mamores,56.7997,-4.9512,1056
stob_coire_a_chairn,Stob Coire a' Chàirn,Munro,Mamores,56.8032,-4.9547,981
am_bodach,Am Bodach,Munro,Mamores,56.7904,-4.9782,1032
binnein_beag,Binnein Beag,Munro,Mamores,56.8192,-4.9205,940
binnein_mor,Binnein Mòr,Munro,Mamores,56.8077,-4.9250,1130
sgurr_eilde_mor,Sgùrr Eilde Mòr,Munro,Mamores,56.8017,-4.8983,1008
devil_s_point,The Devil's Point,Munro,Cairngorms,56.9809,-3.7034,1004
beinn_bhrotain_top,Mullach Clach a' Bhlair (Moine Mhòr),Munro,Cairngorms,57.0088,-3.7578,1019
glas_tulaichean,Glas Tulaichean,Munro,Glen Shee,56.8320,-3.5834,1051
carn_an_righ,Càrn an Righ,Munro,Glen Shee,56.8366,-3.5358,1029
beinn_iutharn_mhor,Beinn Iutharn Mhòr,Munro,Glen Shee,56.8313,-3.5098,1045
mam_nan_carn,Mam nan Càrn,Munro,Glen Shee,56.8292,-3.4753,946
beinn_a_ghlo_carn_liath,Beinn a' Ghló - Càrn Liath,Munro,Glen Shee,56.8304,-3.7237,975
beinn_a_ghlo_braigh_coire_chruinn_bhalgain,Beinn a' Ghló - Braigh Coire Chruinn-bhalgain,Munro,Glen Shee,56.8454,-3.7074,1070
beinn_a_ghlo_carn_nan_gabhar,Beinn a' Ghló - Càrn nan Gabhar,Munro,Glen Shee,56.8509,-3.6790,1121
beinn_dearg_perthshire,Beinn Dearg (Perthshire),Munro,Glen Shee,56.8565,-3.7537,1008
carn_marg,Càrn Mairg,Munro,Glen Lyon,56.5994,-4.1658,1041
beinn_achalladair,Beinn Achalladair,Munro,Breadalbane,56.5002,-4.6710,1038
stob_binnein_2,Stob Binnein,Munro,Crianlarich,56.3746,-4.5453,1165
sgurr_na_lapaich,Sgùrr na Lapaich,Munro,Glen Strathfarrar,57.3843,-4.8935,1150
an_socach_strathfarrar,An Socach (Strathfarrar),Munro,Glen Strathfarrar,57.3958,-4.9400,921
carn_nan_gobhar_strathfarrar,Càrn nan Gobhar (Strathfarrar),Munro,Glen Strathfarrar,57.3756,-4.8614,992
sgurr_a_choire_ghlais,Sgùrr a' Choire Ghlais,Munro,Glen Strathfarrar,57.3632,-4.8555,1083
toll_creagach,Toll Creagach,Munro,Glen Cannich,57.3403,-4.9568,1054
tom_a_choinich,Tom a' Chòinich,Munro,Glen Cannich,57.3355,-4.9825,1112
carn_eige,Càrn Eige,Munro,Glen Cannich,57.3121,-5.0574,1183
beinn_fhionnlaidh_cannich,Beinn Fhionnlaidh (Cannich),Munro,Glen Cannich,57.2974,-5.0983,1005
mam_sodhail,Mam Sodhail,Munro,Glen Affric,57.2882,-5.1138,1181
sgurr_na_lapaich_glen_affric,Sgùrr na Lapaich (Glen Affric),Munro,Glen Affric,57.3843,-4.8935,1150
mullach_na_dheiragain,Mullach na Dheiragain,Munro,Glen Affric,57.3063,-5.1591,982
an_socach_affric,An Socach (Glen Affric),Munro,Glen Affric,57.2771,-5.1604,921
sgurr_na_ruaidhe,Sgùrr na Ruaidhe,Munro,Glen Cannich,57.3783,-4.7793,993
carn_na_gobhar_mullardoch,Càrn nan Gobhar (Mullardoch),Munro,Glen Cannich,57.3698,-4.7583,992
sgurr_a_choire_ghlais_2,Sgùrr a' Choire Ghlais (Strathfarrar),Munro,Glen Strathfarrar,57.3632,-4.8555,1083
beinn_fhada,Beinn Fhada (Ben Attow),Munro,Kintail,57.2462,-5.2614,1032
a_ghlas_bheinn,A' Ghlas-bheinn,Munro,Kintail,57.2607,-5.2320,918
meall_sodhail,Mam Sodhail,Munro,Glen Affric,57.2882,-5.1138,1181
stuc_a_chroin,Stùc a' Chròin,Munro,Crianlarich,56.3785,-4.1093,975
ben_vorlich_lomond,Ben Vorlich (Loch Earn),Munro,Crianlarich,56.3875,-4.2284,985
beinn_each,Beinn Each,Munro,Crianlarich,56.3761,-4.1743,813
ben_vorlich_loch_lomond,Ben Vorlich (Loch Lomond),Munro,Arrochar,56.2543,-4.7564,943
beinn_narnain,Beinn Narnain,Munro,Arrochar,56.2300,-4.7933,926
beinn_ime,Beinn Ime,Munro,Arrochar,56.2439,-4.8095,1011
beinn_luibhean,Beinn Luibhean,Munro,Arrochar,56.2348,-4.8349,858
ben_vane,Ben Vane,Munro,Arrochar,56.2562,-4.7874,915
beinn_an_lochain,Beinn an Lochain,Munro,Arrochar,56.2699,-4.8672,901
beinn_bheula,Beinn Bheula,Corbett,Arrochar,56.1988,-4.8962,779
beinn_resipol,Beinn Resipol,Corbett,Ardnamurchan,56.7022,-5.6613,845
gulvain,Gulvain,Munro,Lochaber,56.9490,-5.2226,987
fraoch_bheinn,Fraoch Bheinn,Corbett,Lochaber,56.9290,-5.1962,858
sgurr_ghiubhsachain,Sgùrr Ghiubhsachain,Corbett,Lochaber,56.8280,-5.3320,849
stob_a_bhealach_an_sgriodain,Stob a' Bhealach an Sgriodain,Corbett,Lochaber,56.8419,-5.3543,764
druim_a_chliabhain,Druim a' Chliabhain,Corbett,Lochaber,56.8330,-5.3693,771
sgurr_na_h_aide,Sgùrr na h-Aide,Corbett,Knoydart,57.0064,-5.5819,867
beinn_bheag_knoydart,Beinn Bheag (Knoydart),Corbett,Knoydart,57.0292,-5.4729,796
beinn_na_caillich_knoydart,Beinn na Caillich (Knoydart),Corbett,Knoydart,57.1174,-5.4949,785
sgurr_coire_choinnichean,Sgùrr Coire Choinnichean,Corbett,Knoydart,57.0802,-5.5819,796
beinn_na_caillich_skye,Beinn na Caillich (Skye),Corbett,Skye,57.2344,-5.9880,732
beinn_dearg_mhor_skye,Beinn Dearg Mhòr (Skye),Corbett,Skye,57.2472,-5.8948,731
beinn_dearg_beag_skye,Beinn Dearg Beag (Skye),Corbett,Skye,57.2527,-5.8856,683
marsco,Marsco,Corbett,Skye,57.2881,-6.0869,736
glamaig,Glamaig,Corbett,Skye,57.3130,-6.1437,775
beinn_dearg_mhor_beag_skye,Beinn Dearg Mhòr (Cuillin area),Corbett,Skye,57.2472,-5.8948,731
garbh_bheinn_ardgour,Garbh Bheinn (Ardgour),Corbett,Ardgour,56.7304,-5.4085,885
sgurr_dhomhnuill,Sgùrr Dhòmhnuill,Corbett,Ardgour,56.7452,-5.5052,888
fuar_bheinn,Fuar Bheinn,Corbett,Ardgour,56.7578,-5.4434,766
beinn_na_h_uamha,Beinn na h-Uamha,Corbett,Ardgour,56.7862,-5.3842,762
stob_coire_a_chearcaill,Stob Coire a' Chearcaill,Corbett,Ardgour,56.8050,-5.2834,770
sgurr_a_choire_riabhaich,Sgùrr a' Choire Riabhaich,Corbett,Glen Garry,57.0523,-5.2714,869
sgurr_a_bhac_chaolais_2,Sgùrr a' Bhac Chaolais,Corbett,Glen Shiel,57.1975,-5.3079,885
beinn_chuirn,Beinn Chuirn,Corbett,Glen Orchy,56.4008,-4.7590,880
beinn_a_choin,Beinn a' Chòin,Corbett,Loch Lomond,56.3291,-4.7029,770
beinn_damh,Beinn Damh,Corbett,Torridon,57.5162,-5.5188,902
maol_chean_dearg,Maol Chean-dearg,Corbett,Torridon,57.4921,-5.4018,933
an_ruadh_stac,An Ruadh-stac,Corbett,Torridon,57.5250,-5.3680,892
beinn_na_teanga,Beinn na Teanga,Corbett,Torridon,57.5397,-5.3345,856
creag_doire_nan_laogh,Creag Doire nan Laogh,Corbett,Torridon,57.4736,-5.3080,718
beinn_liath_mhor,Beinn Liath Mhòr,Corbett,Torridon,57.5397,-5.2345,926
sgorr_ruadh,Sgòrr Ruadh,Corbett,Torridon,57.5273,-5.2611,962
fuar_tholl,Fuar Tholl,Corbett,Torridon,57.4987,-5.2386,907
sgorr_nan_lochan_uaine,Sgòrr nan Lochan Uaine,Corbett,Torridon,57.5192,-5.2520,871
beinn_alligin_tom_na_gruagaich,Tom na Gruagaich (Beinn Alligin),Corbett,Torridon,57.5787,-5.5048,922
beinn_dearg_torridon,Beinn Dearg (Torridon),Corbett,Torridon,57.5940,-5.4625,914
baosbeinn,Baosbeinn,Corbett,Torridon,57.5968,-5.4101,875
beinn_an_eoin,Beinn an Eoin,Corbett,Torridon,57.5905,-5.3682,855
baosbheinn,Baosbheinn,Corbett,Torridon,57.5952,-5.4133,875
sail_mhor,Sail Mhòr,Corbett,An Teallach,57.8202,-5.3145,767
sgurr_ruadh,Sgùrr Ruadh,Corbett,An Teallach,57.8079,-5.2623,720
beinn_a_chlaidheimh,Beinn a' Chlaidheimh,Corbett,An Teallach,57.8262,-5.2232,914
sgurr_ban_fisherfield,Sgùrr Bàn (Fisherfield),Corbett,Fisherfield,57.7808,-5.1685,989
mullach_coire_mhic_fhearchair,Mullach Coire Mhic Fhearchair,Corbett,Fisherfield,57.7714,-5.1481,1019
beinn_tarsuinn_fisherfield,Beinn Tarsuinn (Fisherfield),Corbett,Fisherfield,57.7600,-5.1255,936
a_mhaighdean,A' Mhaighdean,Corbett,Fisherfield,57.7483,-5.1742,967
ruadh_stac_mor,Ruadh Stac Mòr,Corbett,Fisherfield,57.7538,-5.2073,918
beinn_lair,Beinn Làir,Corbett,Fisherfield,57.7174,-5.1741,860
beinn_a_chearcaill,Beinn a' Chearcaill,Corbett,Gairloch,57.6847,-5.4088,725
beinn_an_eoin_gairloch,Beinn an Eoin (Gairloch),Corbett,Gairloch,57.7078,-5.3832,855
carn_mor_beinn_dearg,Càrn Mòr (Beinn Dearg),Corbett,Ullapool,57.8626,-4.7868,756
iorguill,Iorguill,Corbett,Ullapool,57.8794,-4.7443,775
cona_mheall_corbett,Cona' Mheall,Corbett,Ullapool,57.8395,-4.8792,980
am_faochagach,Am Faochagach,Corbett,Ullapool,57.7960,-4.9176,954
beinn_a_chlachair_corbett,Beinn a' Chlachair,Corbett,Loch Ossian,56.9274,-4.5618,1087
carn_na_caim_2,Càrn na Càim,Corbett,Drumochter,56.8739,-4.0263,941
creag_dhubh,Creag Dhubh,Corbett,Newtonmore,57.0025,-4.2100,756
creag_meagaidh_corbett,Creag Meagaidh,Corbett,Loch Laggan,56.9595,-4.6213,1130
meall_coire_lochain,Meall Coire Lochain,Corbett,Monadhliath,57.0300,-4.2500,769
carn_dearg_corrievreckan,Càrn Dearg,Corbett,Monadhliath,57.1075,-4.0275,840
gairbeinn,Gairbeinn,Corbett,Monadhliath,57.1197,-4.0614,896
meall_na_teanga,Meall na Teanga,Corbett,Loch Lochy,56.9921,-4.8938,918
sron_a_choire_ghairbh,Sròn a' Choire Ghairbh,Corbett,Loch Lochy,57.0020,-4.9212,935
ben_tee,Ben Tee,Corbett,Loch Garry,57.0631,-4.9925,904
meall_dubh,Meall Dubh,Corbett,Loch Lochy,57.0257,-4.9626,788
beinn_bhan,Beinn Bhàn,Corbett,Applecross,57.4199,-5.7177,896
sgurr_a_chaorachain,Sgùrr a' Chaorachain,Corbett,Applecross,57.4415,-5.6741,792
beinn_mheadhonach,Beinn Mheadhonach,Corbett,Kintail,57.2218,-5.4074,901
beinn_od_kintail,Beinn Odhar Beag,Corbett,Kintail,57.1955,-5.4451,882
sgurr_nan_eugallt,Sgùrr nan Eugallt,Corbett,Glen Garry,57.0895,-5.3762,894
fraoch_bheinn_quoich,Fraoch Bheinn (Quoich),Corbett,Glen Quoich,57.0285,-5.3070,858
sgurr_an_fhuarain_quoich,Sgùrr an Fhuarain,Corbett,Glen Quoich,57.0191,-5.4601,901
gleouraich_corbett,Gleouraich,Corbett,Glen Quoich,57.0876,-5.2083,1035
sgurr_cos_na_breachd_laoidh,Sgùrr Cos na Breachd-laoidh,Corbett,Knoydart,56.9944,-5.5428,832
meall_buidhe_quoich,Meall Buidhe (Quoich),Corbett,Glen Quoich,57.0493,-5.5048,946
gleann_beag_hill,Buidhe Bheinn,Corbett,Kintail,57.1832,-5.3856,879
sgurr_a_gharg_garaidh,Sgùrr a' Gharg Gharaidh,Corbett,Glen Garry,57.1075,-5.3092,840
beinn_mhic_cedidh,Beinn Mhic Cedidh,Corbett,Glen Garry,56.9803,-5.3482,783
beinn_odhar_glen_shiel,Beinn Odhar Mhòr,Corbett,Glen Shiel,57.1800,-5.3790,870
ciste_dhubh_corbett,Ciste Dhubh,Corbett,Glen Moriston,57.1819,-5.1090,979
gualainn_doire_mhoir,Gualainn Doire Mhòir,Corbett,Glen Affric,57.3063,-5.1591,982
carn_na_gobhar_glen_cannich,Càrn nan Gobhar (Cannich),Corbett,Glen Cannich,57.3698,-4.7583,992
mullach_na_maoile,Mullach na Maoile,Corbett,Ross-shire,57.4906,-4.8560,883
sgurr_marcasaidh,Sgùrr Marcasaidh,Corbett,Ross-shire,57.4734,-4.9106,771
moruisg,Moruisg,Corbett,Glen Carron,57.5152,-4.8680,928
sgurr_nan_ceannaichean,Sgùrr nan Ceannaichean,Corbett,Glen Carron,57.5061,-4.8952,915
beinn_liath_mhor_fannaich,Beinn Liath Mhòr Fannaich,Corbett,Fannichs,57.6537,-4.9918,954
sgurr_mor_fannaich,Sgùrr Mòr (Fannaich),Munro,Fannichs,57.6591,-4.9875,1110
an_coileachan,An Coileachan,Munro,Fannichs,57.6314,-4.9418,923
meall_gorm_fannaich,Meall Gorm (Fannaich),Munro,Fannichs,57.6627,-4.9421,949
beinn_liath_mhor_fannaich_munro,Beinn Liath Mhòr Fannaich,Munro,Fannichs,57.6537,-4.9918,954
fionn_bheinn,Fionn Bheinn,Munro,Fannichs,57.6317,-4.8451,933
a_chailleach_fannaich,A' Chailleach (Fannaich),Munro,Fannichs,57.7073,-5.0765,997
sgurr_breac,Sgùrr Breac,Munro,Fannichs,57.6862,-5.0395,1000
meall_a_chrasgaidh,Meall a' Chrasgaidh,Munro,Fannichs,57.6875,-4.9983,934
sgurr_nan_clach_geala,Sgùrr nan Clach Geala,Munro,Fannichs,57.6968,-5.0191,1093
sgurr_nan_each,Sgùrr nan Each,Munro,Fannichs,57.7059,-5.0461,923
carn_na_criche,Càrn na Crìche,Munro,Fannichs,57.7066,-5.0610,961
ben_wyvis,Ben Wyvis,Munro,Easter Ross,57.6836,-4.5823,1046
glas_leathad_mor,Glas Leathad Mòr,Munro,Easter Ross,57.6850,-4.5867,1046
am_bodach_glen_coe,Am Bodach (Glen Coe),Munro,Glen Coe,56.6767,-4.9897,1032
binnein_beag_mamores,Binnein Beag (Mamores),Munro,Mamores,56.8192,-4.9205,940
beinn_mhic_chasgaig,Beinn Mhic Chasgaig,Munro,Glen Etive,56.5726,-4.9082,864
slioch,Slioch,Munro,Loch Maree,57.6485,-5.3027,980
ruadh_stac_beag,Ruadh Stac Beag,Corbett,Loch Maree,57.7386,-5.2310,896
beinn_airigh_charr,Beinn Airigh Charr,Corbett,Loch Maree,57.6700,-5.4200,791
beinn_a_mhuinidh,Beinn a' Mhuinidh,Corbett,Loch Maree,57.6250,-5.2720,692
meall_coire_na_saobhaidhe,Meall Coire na Saobhaidhe,Corbett,Loch Maree,57.6100,-5.2600,708
ben_mor_coigach,Ben Mòr Coigach,Corbett,Coigach,57.9984,-5.1557,743
beinn_a_chaisteil,Beinn a' Chaisteil,Corbett,Coigach,57.9673,-5.0978,787
stac_pollaidh,Stac Pollaidh,Graham,Coigach,58.0362,-5.1745,613
sgurr_an_fhidhleir,Sgùrr an Fhidhleir,Corbett,Coigach,57.9912,-5.1869,705
cul_beag,Cùl Beag,Corbett,Coigach,58.0251,-5.1137,769
cul_mor,Cùl Mòr,Corbett,Coigach,58.0519,-5.1108,849
suilven_caisteal_liath,Suilven (Caisteal Liath),Corbett,Assynt,58.1332,-5.1671,731
canisp,Canisp,Corbett,Assynt,58.1083,-5.0949,847
quinag_sail_gharbh,Quinag - Sail Gharbh,Corbett,Assynt,58.2346,-5.0003,808
quinag_sail_ghorm,Quinag - Sail Ghorm,Corbett,Assynt,58.2460,-5.0094,776
quinag_spidean_coinich,Quinag - Spidean Coinich,Corbett,Assynt,58.2195,-5.0173,764
ben_stack,Ben Stack,Corbett,Sutherland,58.3498,-4.9753,721
arkle,Arkle,Corbett,Sutherland,58.3873,-5.0434,787
foinaven,Foinaven,Corbett,Sutherland,58.4301,-4.9901,908
cranstackie,Cranstackie,Corbett,Sutherland,58.4903,-4.8869,801
beinn_spionnaidh,Beinn Spionnaidh,Corbett,Sutherland,58.5029,-4.8618,773
ben_klibreck,Ben Klibreck,Munro,Sutherland,58.2469,-4.3611,961
ben_hope,Ben Hope,Munro,Sutherland,58.4045,-4.6213,927
beinn_a_bhragaid,Beinn a' Bhragaid,Corbett,Sutherland,58.3670,-4.6847,716
beinn_leoid,Beinn Leoid,Corbett,Sutherland,58.2826,-4.7912,792
meallan_liath_coire_mhic_dhughaill,Meallan Liath Coire Mhic Dhughaill,Corbett,Sutherland,58.1978,-4.8312,801
ben_hee,Ben Hee,Corbett,Sutherland,58.2398,-4.7176,873
breabag,Breabag,Corbett,Assynt,58.0828,-4.9633,815
conival,Conival,Munro,Assynt,58.1052,-4.9999,987
ben_more_assynt,Ben More Assynt,Munro,Assynt,58.1121,-4.9756,998
carn_an_fhreiceadain,Càrn an Fhreiceadain,Corbett,Monadhliath,57.2093,-3.8829,878
geal_charn_ruthven,Geal-chàrn (Ruthven),Corbett,Monadhliath,57.0919,-4.1714,926
meall_nam_peithirean,Meall nam Peithirean,Corbett,Monadhliath,57.0558,-4.1966,817
beinn_mholach_2,Beinn Mholach,Corbett,Rannoch,56.8128,-4.4166,841
beinn_udlamain_corbett,Beinn Udlamain,Corbett,Drumochter,56.8680,-4.0658,1011
beinn_nam_bo,Beinn nam Bò,Corbett,Drumochter,56.8549,-4.1210,827
creag_ruadh,Creag Ruadh,Graham,Sutherland,58.1000,-4.6500,622
beinn_leoid_corbett,Beinn Leoid,Corbett,Sutherland,58.2826,-4.7912,792
ben_loyal,Ben Loyal,Corbett,Sutherland,58.3941,-4.4241,764
pen_y_ghent,Pen-y-ghent,Graham,Yorkshire Dales,54.1519,-2.2517,694
beinn_achaladair_full,Beinn Achaladair,Munro,Breadalbane,56.5002,-4.6710,1038
the_cobbler,The Cobbler,Graham,Arrochar,56.2235,-4.7668,884
ben_vane_graham,Ben Vane,Graham,Arrochar,56.2562,-4.7874,915
binnein_an_fhidhleir,Binnein an Fhidhleir,Graham,Arrochar,56.2950,-4.9048,801
beinn_chorranach,Beinn Chorranach,Graham,Arrochar,56.3010,-4.8787,888
beinn_an_lochan,Beinn an Lochain,Graham,Arrochar,56.2699,-4.8672,901
meall_an_t_snaim,Meall an t-Snaim,Graham,Arrochar,56.3189,-4.8423,762
ben_donich,Ben Donich,Graham,Arrochar,56.2399,-4.9266,847
beinn_tharsuinn,Beinn Tharsuinn,Graham,Arrochar,56.1893,-4.8862,669
beinn_bhuidhe,Beinn Bhuidhe,Munro,Glen Fyne,56.3241,-4.9695,948
beinn_each_graham,Beinn Each,Graham,Crianlarich,56.3761,-4.1743,813
beinn_tulaichean_graham,Beinn Tulaichean,Graham,Crianlarich,56.3493,-4.5824,946
meall_nan_tarmachan_graham,Meall Garbh (Tarmachan),Graham,Breadalbane,56.5237,-4.2637,1026
creag_nan_gabhar,Creag nan Gabhar,Graham,Breadalbane,56.5020,-4.2067,834
beinn_nan_oighreag,Beinn nan Oighreag,Graham,Breadalbane,56.5378,-4.3162,909
meall_nan_aighean_graham,Meall nan Aighean,Graham,Glen Lyon,56.6011,-4.1321,981
sron_mhor,Sròn Mhòr,Graham,Breadalbane,56.5784,-4.3380,812
ben_chonzie_graham,Ben Chonzie,Graham,Breadalbane,56.4889,-3.9797,931
creag_each,Creag Each,Graham,Breadalbane,56.4767,-4.0188,813
meall_nan_fuaran,Meall nan Fuaran,Graham,Breadalbane,56.5232,-4.0532,846
creag_gharbh,Creag Gharbh,Graham,Breadalbane,56.5397,-4.2085,677
meall_buidhe_graham,Meall Buidhe,Graham,Breadalbane,56.5567,-4.3640,910
stob_a_choire_odhair,Stob a' Choire Odhair,Graham,Glen Orchy,56.5345,-4.8625,945
beinn_chuirn_graham,Beinn Chuirn,Graham,Glen Orchy,56.4008,-4.7590,880
beinn_odhar_graham,Beinn Odhar,Graham,Glen Orchy,56.4686,-4.7413,901
druim_na_sgriodain,Druim na Sgriodain,Graham,Glen Orchy,56.5023,-4.8036,756
beinn_na_seilg,Beinn na Seilg,Graham,Loch Lomond,56.2788,-4.7140,666
beinn_ruadh,Beinn Ruadh,Graham,Cowal,56.2244,-5.0000,702
beinn_mhor_cowal,Beinn Mhòr (Cowal),Graham,Cowal,56.1738,-5.0620,741
cruach_nan_capull,Cruach nan Capull,Graham,Cowal,56.1888,-5.0193,669
cruach_lusach,Cruach Lusach,Graham,Cowal,56.1557,-4.9820,532
beinn_bhreac_cowal,Beinn Bhreac (Cowal),Graham,Cowal,56.1500,-4.9010,630
meall_an_fhudair,Meall an Fhudair,Graham,Cowal,56.3250,-5.0070,764
beinn_laoigh_small,Creag Mhòr (Tyndrum),Graham,Glen Orchy,56.5171,-4.4482,1047
beinn_fhionnlaidh,Beinn Fhionnlaidh (Appin),Munro,Appin,56.5892,-5.1249,959
beinn_sgulaird,Beinn Sgulaird,Munro,Appin,56.5234,-5.1165,937
beinn_trilleachan,Beinn Trilleachan,Corbett,Appin,56.5396,-5.1573,840
beinn_maol_chaluim,Beinn Maol Chaluim,Corbett,Appin,56.5618,-5.0527,913
fraochaidh,Fraochaidh,Corbett,Appin,56.5945,-5.0749,879
ben_bheigeir,Beinn Bheigeir,Corbett,Islay,55.7534,-6.0793,491
ben_mor_mull,Beinn Mhòr (Mull),Corbett,Mull,56.3832,-6.0104,966
sgurr_dearg_blabheinn,Blà Bheinn,Corbett,Skye,57.2055,-6.0497,928
bruach_na_frithe,Bruach na Frìthe,Munro,Skye,57.3110,-6.2265,958
am_bastier,Am Basteir,Munro,Skye,57.3193,-6.2381,934
sgurr_a_bhastier,Sgùrr a' Bhasteir,Munro,Skye,57.3158,-6.2417,899
sgurr_nan_gillean,Sgùrr nan Gillean,Munro,Skye,57.3247,-6.2447,964
sgurr_beag_skye,Sgùrr Beag,Munro,Skye,57.2774,-6.2200,764
sgurr_na_banachdich,Sgùrr na Banachdich,Munro,Skye,57.2882,-6.2327,965
sgurr_a_ghreadaidh,Sgùrr a' Ghreadaidh,Munro,Skye,57.2946,-6.2399,973
sgurr_mhic_choinnich,Sgùrr Mhic Choinnich,Munro,Skye,57.2731,-6.2317,948
sgurr_alasdair,Sgùrr Alasdair,Munro,Skye,57.2756,-6.2397,992
sgurr_dubh_mor,Sgùrr Dubh Mòr,Munro,Skye,57.2718,-6.2223,944
sgurr_na_eag,Sgùrr na Eag,Munro,Skye,57.2635,-6.2333,924
sgurr_dearg_inaccessible_pinnacle,Sgùrr Dearg (Inaccessible Pinnacle),Munro,Skye,57.2811,-6.2454,986
sgurr_thearlaich,Sgùrr Thearlaich,Munro,Skye,57.2760,-6.2432,978
sgurr_a_mhadaidh,Sgùrr a' Mhadaidh,Munro,Skye,57.2975,-6.2375,918
sgurr_thormaid,Sgùrr Thormaid,Munro,Skye,57.2919,-6.2364,927
sgurr_nan_eag_skye,Sgùrr nan Eag,Munro,Skye,57.2635,-6.2333,924
blabheinn,Blà Bheinn,Munro,Skye,57.2055,-6.0497,928
clach_glas,Clach Glas,Graham,Skye,57.2139,-6.0711,786
belig,Belig,Graham,Skye,57.2231,-6.0892,702
garbh_bheinn_skye,Garbh-bheinn (Skye),Graham,Skye,57.2325,-6.1087,645
sgorr_dearg,Sgòrr Dhearg,Munro,Appin,56.6506,-5.0699,1024
sgorr_dhonuill,Sgòrr Dhonuill,Munro,Appin,56.6539,-5.0846,1001
ben_bhuidhe_corbett,Ben Bhuidhe,Corbett,Glen Fyne,56.3241,-4.9695,948
meall_nan_tarmachan_south,Meall nan Tarmachan,Munro,Breadalbane,56.5298,-4.2929,1044
meall_garbh_tarmachan,Meall Garbh (Tarmachan),Munro,Breadalbane,56.5237,-4.2637,1026
beinn_nan_imirean_full,Beinn nan Imirean,Munro,Crianlarich,56.4249,-4.5756,849
beinn_dubh,Beinn Dubh,Graham,Loch Lomond,56.2092,-4.6600,643
conic_hill,Conic Hill,Graham,Loch Lomond,56.1684,-4.5718,358
scafell_pike,Scafell Pike,Wainwright,Southern Fells,54.4541,-3.2114,978
scafell,Scafell,Wainwright,Southern Fells,54.4487,-3.2304,964
ill_crag,Ill Crag,Wainwright,Southern Fells,54.4635,-3.2224,930
broad_crag,Broad Crag,Wainwright,Southern Fells,54.4617,-3.2187,934
great_end,Great End,Wainwright,Southern Fells,54.4699,-3.2409,910
lingmell,Lingmell,Wainwright,Southern Fells,54.4614,-3.2422,807
sca_fell,Sca Fell,Wainwright,Southern Fells,54.4487,-3.2304,964
green_gable,Green Gable,Wainwright,Southern Fells,54.4849,-3.2170,801
great_gable,Great Gable,Wainwright,Southern Fells,54.4832,-3.2192,899
kirk_fell,Kirk Fell,Wainwright,Southern Fells,54.4766,-3.2417,802
pillar,Pillar,Wainwright,Southern Fells,54.4945,-3.2969,892
scoat_fell,Scoat Fell,Wainwright,Southern Fells,54.4844,-3.3095,841
red_pike_wasdale,Red Pike (Wasdale),Wainwright,Southern Fells,54.4857,-3.3245,826
haycock,Haycock,Wainwright,Southern Fells,54.4871,-3.3527,797
seatallan,Seatallan,Wainwright,Southern Fells,54.4623,-3.3640,692
middle_fell,Middle Fell,Wainwright,Southern Fells,54.4454,-3.3370,582
yewbarrow,Yewbarrow,Wainwright,Southern Fells,54.4616,-3.2748,628
buckbarrow,Buckbarrow,Wainwright,Southern Fells,54.4316,-3.2977,423
whin_rigg,Whin Rigg,Wainwright,Southern Fells,54.4161,-3.3127,535
illgill_head,Illgill Head,Wainwright,Southern Fells,54.4269,-3.2770,609
steeple,Steeple,Wainwright,Southern Fells,54.4888,-3.3137,819
caw_fell,Caw Fell,Wainwright,Southern Fells,54.4988,-3.3301,697
lank_rigg,Lank Rigg,Wainwright,Southern Fells,54.5065,-3.4071,541
crag_fell,Crag Fell,Wainwright,Southern Fells,54.5255,-3.4220,523
gavel_fell,Gavel Fell,Wainwright,Southern Fells,54.5375,-3.3741,526
ben_nevis_wainwright,Blake Fell,Wainwright,Northern Fells,54.6181,-3.4153,573
burnbank_fell,Burnbank Fell,Wainwright,Northern Fells,54.6047,-3.4093,475
skiddaw,Skiddaw,Wainwright,Northern Fells,54.6534,-3.1393,931
blencathra,Blencathra,Wainwright,Northern Fells,54.6395,-3.0448,868
bowscale_fell,Bowscale Fell,Wainwright,Northern Fells,54.6701,-2.9824,702
bannerdale_crags,Bannerdale Crags,Wainwright,Northern Fells,54.6594,-2.9937,683
souther_fell,Souther Fell,Wainwright,Northern Fells,54.6520,-3.0160,522
mungrisdale_common,Mungrisdale Common,Wainwright,Northern Fells,54.6602,-3.0389,633
great_calva,Great Calva,Wainwright,Northern Fells,54.6614,-3.0871,690
knott,Knott,Wainwright,Northern Fells,54.6774,-3.0678,710
high_pike_caldbeck,High Pike (Caldbeck),Wainwright,Northern Fells,54.7174,-3.0347,658
carrock_fell,Carrock Fell,Wainwright,Northern Fells,54.7005,-3.0005,663
great_sca_fell,Great Sca Fell,Wainwright,Northern Fells,54.6864,-3.0620,651
longlands_fell,Longlands Fell,Wainwright,Northern Fells,54.6997,-3.0889,483
brae_fell,Brae Fell,Wainwright,Northern Fells,54.7011,-3.0732,586
meal_fell,Meal Fell,Wainwright,Northern Fells,54.6943,-3.0965,550
ullock_pike,Ullock Pike,Wainwright,Northern Fells,54.6618,-3.1467,692
long_side,Long Side,Wainwright,Northern Fells,54.6585,-3.1481,734
carl_side,Carl Side,Wainwright,Northern Fells,54.6495,-3.1503,746
skiddaw_little_man,Skiddaw Little Man,Wainwright,Northern Fells,54.6472,-3.1401,865
lonscale_fell,Lonscale Fell,Wainwright,Northern Fells,54.6365,-3.1218,715
dodd_skiddaw,Dodd (Skiddaw),Wainwright,Northern Fells,54.6306,-3.1462,502
bakestall,Bakestall,Wainwright,Northern Fells,54.6681,-3.1004,673
great_cockup,Great Cockup,Wainwright,Northern Fells,54.7025,-3.1041,526
great_lingy_hill,Great Lingy Hill,Wainwright,Northern Fells,54.6882,-3.0848,616
helvellyn,Helvellyn,Wainwright,Eastern Fells,54.5271,-3.0161,950
lower_man,Lower Man,Wainwright,Eastern Fells,54.5302,-3.0201,925
nethermost_pike,Nethermost Pike,Wainwright,Eastern Fells,54.5245,-3.0243,891
dollywaggon_pike,Dollywaggon Pike,Wainwright,Eastern Fells,54.5143,-3.0294,858
high_crag_striding_edge,High Crag (Striding Edge),Wainwright,Eastern Fells,54.5303,-3.0152,884
catstycam,Catstycam,Wainwright,Eastern Fells,54.5335,-3.0032,890
white_side,White Side,Wainwright,Eastern Fells,54.5365,-3.0097,863
raise,Raise,Wainwright,Eastern Fells,54.5433,-3.0047,883
stybarrow_dodd,Stybarrow Dodd,Wainwright,Eastern Fells,54.5492,-3.0078,843
watson_dodd,Watson Dodd,Wainwright,Eastern Fells,54.5549,-3.0068,789
great_dodd,Great Dodd,Wainwright,Eastern Fells,54.5628,-3.0081,857
clough_head,Clough Head,Wainwright,Eastern Fells,54.5728,-3.0209,726
sheffield_pike,Sheffield Pike,Wainwright,Eastern Fells,54.5435,-2.9917,675
glenridding_dodd,Glenridding Dodd,Wainwright,Eastern Fells,54.5476,-2.9600,442
birkhouse_moor,Birkhouse Moor,Wainwright,Eastern Fells,54.5359,-2.9796,718
hart_side,Hart Side,Wainwright,Eastern Fells,54.5632,-2.9819,756
birkett_fell,Birkett Fell,Wainwright,Eastern Fells,54.5750,-2.9597,673
high_raise_east,High Raise (East),Wainwright,Eastern Fells,54.5019,-2.9997,802
seat_sandal,Seat Sandal,Wainwright,Eastern Fells,54.5092,-3.0221,736
fairfield,Fairfield,Wainwright,Eastern Fells,54.5026,-3.0044,873
great_rigg,Great Rigg,Wainwright,Eastern Fells,54.4955,-3.0065,766
rydal_fell,Heron Pike,Wainwright,Eastern Fells,54.4772,-2.9791,612
nab_scar,Nab Scar,Wainwright,Eastern Fells,54.4698,-2.9873,450
stone_arthur,Stone Arthur,Wainwright,Eastern Fells,54.4802,-3.0059,504
dove_crag,Dove Crag,Wainwright,Eastern Fells,54.5014,-2.9709,792
hart_crag,Hart Crag,Wainwright,Eastern Fells,54.5002,-2.9808,822
high_bakestones,High Bakestones,Wainwright,Eastern Fells,54.5085,-2.9733,670
little_hart_crag,Little Hart Crag,Wainwright,Eastern Fells,54.4939,-2.9572,637
red_screes,Red Screes,Wainwright,Eastern Fells,54.4765,-2.9360,776
middle_dodd,Middle Dodd,Wainwright,Eastern Fells,54.4849,-2.9348,653
scandale_fell,Scandale Fell,Wainwright,Eastern Fells,54.4883,-2.9522,569
caudale_moor,Caudale Moor,Wainwright,Eastern Fells,54.4784,-2.9115,763
kirkstone,Thornthwaite Crag,Wainwright,Eastern Fells,54.4834,-2.8997,784
high_street,High Street,Wainwright,Far Eastern Fells,54.4896,-2.8718,828
ill_bell,Ill Bell,Wainwright,Far Eastern Fells,54.4577,-2.8558,757
yoke,Yoke,Wainwright,Far Eastern Fells,54.4471,-2.8688,706
froswick,Froswick,Wainwright,Far Eastern Fells,54.4672,-2.8654,720
thornthwaite_beacon,Thornthwaite Beacon,Wainwright,Far Eastern Fells,54.4834,-2.8997,784
mardale_ill_bell,Mardale Ill Bell,Wainwright,Far Eastern Fells,54.5036,-2.8596,760
harter_fell_mardale,Harter Fell (Mardale),Wainwright,Far Eastern Fells,54.5049,-2.8341,778
kidsty_pike,Kidsty Pike,Wainwright,Far Eastern Fells,54.5170,-2.8391,780
high_raise_haweswater,High Raise (Haweswater),Wainwright,Far Eastern Fells,54.5265,-2.8422,802
rampsgill_head,Rampsgill Head,Wainwright,Far Eastern Fells,54.5258,-2.8604,792
the_knott,The Knott,Wainwright,Far Eastern Fells,54.5229,-2.8701,739
rest_dodd,Rest Dodd,Wainwright,Far Eastern Fells,54.5318,-2.8905,696
angletarn_pikes,Angletarn Pikes,Wainwright,Far Eastern Fells,54.5279,-2.9110,567
beda_head,Beda Head,Wainwright,Far Eastern Fells,54.5458,-2.9133,509
hallin_fell,Hallin Fell,Wainwright,Far Eastern Fells,54.5709,-2.8908,388
arthur_s_pike,Arthur's Pike,Wainwright,Far Eastern Fells,54.5855,-2.8727,533
loadpot_hill,Loadpot Hill,Wainwright,Far Eastern Fells,54.5794,-2.8563,672
wether_hill,Wether Hill,Wainwright,Far Eastern Fells,54.5703,-2.8618,670
red_pike_high_street,Red Pike (High Street),Wainwright,Far Eastern Fells,54.5623,-2.8682,714
place_fell,Place Fell,Wainwright,Far Eastern Fells,54.5533,-2.9023,657
gray_crag,Gray Crag,Wainwright,Far Eastern Fells,54.5000,-2.8850,638
branstree,Branstree,Wainwright,Far Eastern Fells,54.5120,-2.8049,713
selside_pike,Selside Pike,Wainwright,Far Eastern Fells,54.5208,-2.7900,655
harter_fell_eskdale,Harter Fell (Eskdale),Wainwright,Southern Fells,54.3974,-3.1640,653
green_crag,Green Crag,Wainwright,Southern Fells,54.3855,-3.1882,489
hard_knott,Hard Knott,Wainwright,Southern Fells,54.4044,-3.1700,549
swirl_how,Swirl How,Wainwright,Southern Fells,54.4239,-3.1091,802
wetherlam,Wetherlam,Wainwright,Southern Fells,54.4156,-3.0889,763
coniston_old_man,Coniston Old Man,Wainwright,Southern Fells,54.3697,-3.0922,803
brim_fell,Brim Fell,Wainwright,Southern Fells,54.3784,-3.1015,796
dow_crag,Dow Crag,Wainwright,Southern Fells,54.3712,-3.1148,778
grey_friar,Grey Friar,Wainwright,Southern Fells,54.4124,-3.1320,773
great_carrs,Great Carrs,Wainwright,Southern Fells,54.4193,-3.1189,785
levers_hawse,Levers Hawse,Wainwright,Southern Fells,54.3894,-3.0961,626
cold_pike,Cold Pike,Wainwright,Southern Fells,54.4232,-3.1673,701
pike_of_blisco,Pike of Blisco,Wainwright,Southern Fells,54.4314,-3.1567,705
crinkle_crags,Crinkle Crags,Wainwright,Southern Fells,54.4358,-3.1687,859
bowfell,Bowfell,Wainwright,Southern Fells,54.4476,-3.1618,902
esk_pike,Esk Pike,Wainwright,Southern Fells,54.4573,-3.1818,885
rossett_pike,Rossett Pike,Wainwright,Southern Fells,54.4629,-3.1843,651
allen_crags,Allen Crags,Wainwright,Southern Fells,54.4685,-3.1962,785
glaramara,Glaramara,Wainwright,Southern Fells,54.4780,-3.1921,783
seathwaite_fell,Seathwaite Fell,Wainwright,Southern Fells,54.4837,-3.2008,632
base_brown,Base Brown,Wainwright,Southern Fells,54.4837,-3.1779,646
grey_knotts,Grey Knotts,Wainwright,Southern Fells,54.4911,-3.1891,697
brandreth,Brandreth,Wainwright,Southern Fells,54.4936,-3.1968,715
fleetwith_pike,Fleetwith Pike,Wainwright,Southern Fells,54.5108,-3.2043,648
haystacks,Haystacks,Wainwright,Southern Fells,54.5157,-3.2274,597
high_crag_buttermere,High Crag (Buttermere),Wainwright,Southern Fells,54.5234,-3.2534,744
high_stile,High Stile,Wainwright,Southern Fells,54.5260,-3.2791,807
red_pike_buttermere,Red Pike (Buttermere),Wainwright,Southern Fells,54.5275,-3.3010,755
starling_dodd,Starling Dodd,Wainwright,Southern Fells,54.5305,-3.3406,633
great_borne,Great Borne,Wainwright,Southern Fells,54.5380,-3.3677,616
hen_comb,Hen Comb,Wainwright,Southern Fells,54.5500,-3.3831,509
mellbreak,Mellbreak,Wainwright,Southern Fells,54.5667,-3.3570,512
grasmoor,Grasmoor,Wainwright,Northwestern Fells,54.5596,-3.2829,852
eel_crag,Eel Crag (Crag Hill),Wainwright,Northwestern Fells,54.5650,-3.2296,839
crag_hill,Crag Hill,Wainwright,Northwestern Fells,54.5650,-3.2296,839
sail,Sail,Wainwright,Northwestern Fells,54.5614,-3.2220,773
scar_crags,Scar Crags,Wainwright,Northwestern Fells,54.5612,-3.1993,672
causey_pike,Causey Pike,Wainwright,Northwestern Fells,54.5625,-3.1803,637
outerside,Outerside,Wainwright,Northwestern Fells,54.5706,-3.1934,568
barrow,Barrow,Wainwright,Northwestern Fells,54.5797,-3.1989,455
grisedale_pike,Grisedale Pike,Wainwright,Northwestern Fells,54.5815,-3.2322,791
hopegill_head,Hopegill Head,Wainwright,Northwestern Fells,54.5854,-3.2620,770
sand_hill,Sand Hill,Wainwright,Northwestern Fells,54.5777,-3.2541,756
whiteside,Whiteside,Wainwright,Northwestern Fells,54.5803,-3.3068,719
whiteless_pike,Whiteless Pike,Wainwright,Northwestern Fells,54.5543,-3.3009,660
wandope,Wandope,Wainwright,Northwestern Fells,54.5541,-3.2748,772
thirdgill_head_man,Thirdgill Head Man,Wainwright,Northwestern Fells,54.5650,-3.2635,621
whitesides,Whitesides,Wainwright,Northwestern Fells,54.5803,-3.3068,719
hobcarton_crag,Hobcarton End,Wainwright,Northwestern Fells,54.5902,-3.2529,609
lord_s_seat,Lord's Seat,Wainwright,Northwestern Fells,54.6108,-3.2344,552
barf,Barf,Wainwright,Northwestern Fells,54.6168,-3.2317,468
whinlatter,Whinlatter,Wainwright,Northwestern Fells,54.6052,-3.2433,525
sale_fell,Sale Fell,Wainwright,Northwestern Fells,54.6379,-3.2226,359
ling_fell,Ling Fell,Wainwright,Northwestern Fells,54.6320,-3.2591,373
broom_fell,Broom Fell,Wainwright,Northwestern Fells,54.6227,-3.2484,511
graystones,Graystones,Wainwright,Northwestern Fells,54.6086,-3.2577,456
kirk_fell_western,Kirk Fell (Western),Wainwright,Southern Fells,54.4766,-3.2417,802
high_stile_full,High Stile,Wainwright,Southern Fells,54.5260,-3.2791,807
robinson,Robinson,Wainwright,Northwestern Fells,54.5362,-3.2844,737
hindscarth,Hindscarth,Wainwright,Northwestern Fells,54.5330,-3.2640,727
dale_head,Dale Head,Wainwright,Northwestern Fells,54.5264,-3.2447,753
high_spy,High Spy,Wainwright,Northwestern Fells,54.5361,-3.1951,653
maiden_moor,Maiden Moor,Wainwright,Northwestern Fells,54.5484,-3.2021,576
cat_bells,Cat Bells,Wainwright,Northwestern Fells,54.5596,-3.1695,451
ard_crags,Ard Crags,Wainwright,Northwestern Fells,54.5577,-3.2186,581
knott_rigg,Knott Rigg,Wainwright,Northwestern Fells,54.5467,-3.2442,556
loughrigg_fell,Loughrigg Fell,Wainwright,Central Fells,54.4390,-3.0095,335
silver_how,Silver How,Wainwright,Central Fells,54.4553,-3.0521,395
lingmoor_fell,Lingmoor Fell,Wainwright,Central Fells,54.4264,-3.0759,469
side_pike,Side Pike,Wainwright,Central Fells,54.4310,-3.0907,362
sergeant_s_crag,Sergeant's Crag,Wainwright,Central Fells,54.4960,-3.1102,571
high_raise_langdale,High Raise (Langdale),Wainwright,Central Fells,54.5019,-2.9997,762
thunacar_knott,Thunacar Knott,Wainwright,Central Fells,54.5017,-3.0219,723
harrison_stickle,Harrison Stickle,Wainwright,Central Fells,54.4676,-3.0584,736
pike_of_stickle,Pike of Stickle,Wainwright,Central Fells,54.4682,-3.0747,709
loft_crag,Loft Crag,Wainwright,Central Fells,54.4695,-3.0647,682
tarn_crag_langdale,Tarn Crag (Langdale),Wainwright,Central Fells,54.4746,-3.0354,568
blea_rigg,Blea Rigg,Wainwright,Central Fells,54.4702,-3.0212,541
pavey_ark,Pavey Ark,Wainwright,Central Fells,54.4695,-3.0628,697
sergeant_man,Sergeant Man,Wainwright,Central Fells,54.4885,-3.0203,736
ullscarf,Ullscarf,Wainwright,Central Fells,54.5096,-3.0736,726
steel_fell,Steel Fell,Wainwright,Central Fells,54.5170,-3.0624,553
calf_crag,Calf Crag,Wainwright,Central Fells,54.5249,-3.0510,537
gibson_knott,Gibson Knott,Wainwright,Central Fells,54.5185,-3.0425,422
helm_crag,Helm Crag,Wainwright,Central Fells,54.4957,-3.0286,405
tarn_crag_easedale,Tarn Crag (Easedale),Wainwright,Central Fells,54.4817,-3.0168,489
grange_fell,Grange Fell,Wainwright,Central Fells,54.5499,-3.1127,415
high_tove,High Tove,Wainwright,Central Fells,54.5417,-3.0861,515
armboth_fell,Armboth Fell,Wainwright,Central Fells,54.5372,-3.0751,479
raven_crag,Raven Crag,Wainwright,Central Fells,54.5332,-3.0695,461
bleaberry_fell,Bleaberry Fell,Wainwright,Central Fells,54.5600,-3.0810,590
walla_crag,Walla Crag,Wainwright,Central Fells,54.5793,-3.1139,379
catbells_other,Catbells,Wainwright,Central Fells,54.5596,-3.1695,451
high_seat,High Seat,Wainwright,Central Fells,54.5546,-3.0699,608
knotts,Knotts,Wainwright,Central Fells,54.5613,-3.0908,521
great_crag,Great Crag,Wainwright,Central Fells,54.5350,-3.1195,452
eagle_crag,Eagle Crag,Wainwright,Central Fells,54.5023,-3.1087,520
rosthwaite_fell,Rosthwaite Fell,Wainwright,Central Fells,54.5100,-3.1600,549
bessyboot,Bessyboot,Wainwright,Central Fells,54.5099,-3.1573,521
greenup_edge,Greenup Edge,Wainwright,Central Fells,54.5157,-3.0912,605
crag_fell_ennerdale,Crag Fell,Wainwright,Northern Fells,54.5255,-3.4220,523
great_borne_2,Great Borne,Wainwright,Southern Fells,54.5380,-3.3677,616
tarns_fell,Tarns Fell,Wainwright,Northern Fells,54.5720,-3.4020,478
blake_fell,Blake Fell,Wainwright,Northern Fells,54.6181,-3.4153,573
gavel_fell_2,Gavel Fell,Wainwright,Northern Fells,54.5375,-3.3741,526
high_pike_middle,High Pike,Wainwright,Northern Fells,54.7174,-3.0347,658
coomb_height,Coomb Height,Wainwright,Northern Fells,54.5802,-3.4133,375
loweswater_fell,Burnbank Fell,Wainwright,Northern Fells,54.6047,-3.4093,475
pen_y_ghent_wainwright,Pen-y-ghent,Wainwright,Yorkshire Dells,54.1519,-2.2517,694
the_saddle_skye,The Saddle,Wainwright,Eastern Fells,54.4802,-3.0100,790
green_bell,Green Bell,Wainwright,Far Eastern Fells,54.4534,-2.7222,605
tarn_crag_shap,Tarn Crag (Shap),Wainwright,Far Eastern Fells,54.5208,-2.7900,655
shap_common,Shap Fells,Wainwright,Far Eastern Fells,54.5100,-2.7700,542
whinfell_beacon,Whinfell Beacon,Wainwright,Far Eastern Fells,54.5614,-2.6434,472
high_street_summit,High Street summit area,Wainwright,Far Eastern Fells,54.4896,-2.8718,828
stoney_cove_pike,Stoney Cove Pike,Wainwright,Far Eastern Fells,54.4834,-2.8997,784
gray_crag_cauldale,Gray Crag (Cauldale),Wainwright,Far Eastern Fells,54.5000,-2.8850,638
little_mell_fell,Little Mell Fell,Wainwright,Eastern Fells,54.6131,-2.8580,505
great_mell_fell,Great Mell Fell,Wainwright,Eastern Fells,54.6261,-2.8503,537
arthurs_pike,Arthur's Pike,Wainwright,Far Eastern Fells,54.5855,-2.8727,533
bonscale_pike,Bonscale Pike,Wainwright,Far Eastern Fells,54.5820,-2.8830,524
watermillock_common,Watermillock Common,Wainwright,Far Eastern Fells,54.6050,-2.9350,439
gowbarrow_fell,Gowbarrow Fell,Wainwright,Eastern Fells,54.5970,-2.9180,481
great_meldrum,Great Meldrum,Wainwright,Far Eastern Fells,54.5820,-2.9690,560
maiden_castle,Maiden Castle,Wainwright,Northern Fells,54.7600,-3.0500,485
carrock_fell_2,Carrock Fell,Wainwright,Northern Fells,54.7005,-3.0005,663
high_pike_n,High Pike,Wainwright,Northern Fells,54.7174,-3.0347,658
where_eagle,Where Eagle,Wainwright,Central Fells,54.5023,-3.1087,520
connectwall_fell,Conectwall Fell,Wainwright,Central Fells,54.5350,-3.0100,421
ben_alder_corbett,Ben Alder,Corbett,Ben Alder,56.8125,-4.4817,1148
mheall_buidhe_corbett,Meall Buidhe (West),Corbett,Breadalbane,56.5567,-4.3640,910
ceum_na_caillich,Ceum na Caillich,Graham,Breadalbane,56.5023,-3.9780,700
beinn_a_chuallaich,Beinn a' Chuallaich,Graham,Breadalbane,56.6820,-4.0826,892
sron_smeur,Sròn Smeur,Graham,Breadalbane,56.5878,-4.1623,826
creag_uchdag,Creag Uchdag,Graham,Breadalbane,56.5131,-4.0540,879
meall_nam_maigheach,Meall nam Maigheach,Graham,Glen Lyon,56.5997,-4.3410,779
meall_tairneachan,Meall Tairneachan,Graham,Breadalbane,56.6340,-3.9840,787
farragon_hill,Farragon Hill,Graham,Breadalbane,56.6437,-3.8753,783
tullich_hill,Tullich Hill,Graham,Breadalbane,56.5978,-3.8750,643
ben_vrackie,Ben Vrackie,Graham,Pitlochry,56.7193,-3.7521,841
meall_uaine,Meall Uaine,Graham,Glen Shee,56.7919,-3.6500,710
ben_gulabin,Ben Gulabin,Graham,Glen Shee,56.7770,-3.5804,806
creag_nan_gabhar_shee,Creag nan Gabhar (Shee),Graham,Glen Shee,56.7543,-3.5012,720
morrone,Morrone,Graham,Cairnwell,56.9901,-3.4098,859
culardoch,Culardoch,Graham,Cairngorms,57.1181,-3.3897,900
geal_charn_cairngorm,Geal Chàrn (Cairngorms),Graham,Cairngorms,57.1384,-3.4617,821
meall_a_bhuachaille,Meall a' Bhuachaille,Graham,Cairngorms,57.1645,-3.6380,810
craigowl,Craigowl,Graham,Angus,56.5710,-3.0267,455
ben_tirran,Ben Tirran,Graham,Angus Glens,56.8428,-2.9996,896
hill_of_fare,Hill of Fare,Graham,Aberdeenshire,57.1210,-2.5882,471
cairn_leuchan,Cairn Leuchan,Graham,Aberdeenshire,57.0078,-3.0088,530
the_buck,The Buck,Graham,Aberdeenshire,57.2937,-2.8972,721
tap_o_noth,Tap o' Noth,Graham,Aberdeenshire,57.3334,-2.9108,563
ben_rinnes,Ben Rinnes,Graham,Speyside,57.4618,-3.2289,840
corryhabbrie_hill,Corryhabbie Hill,Graham,Speyside,57.4073,-3.1860,781
meall_a_chrasgaidh_corbett,Meall a' Chrasgaidh,Corbett,Fannichs,57.6875,-4.9983,934
beinn_na_moine,Beinn na Mòine,Graham,Sutherland,58.1500,-4.5000,612
meall_na_bradhan,Meall na Bradhan,Graham,Sutherland,58.0800,-4.6500,561
creag_a_choire_aird,Creag a' Choire Àird,Graham,Sutherland,58.1600,-4.4200,657
stob_a_choire_mheadhoin_2,Stob a' Choire Mheadhoin,Munro,Lochaber,56.8138,-4.8167,1105
creagan_a_chaise,Creagan a' Chaise,Graham,Pitlochry,56.7680,-3.7090,788
beinn_a_ghlo_top,Carn Ban (Beinn a' Ghlo),Graham,Glen Shee,56.8350,-3.6200,941
ben_a_ghlo_note,Airgiod Bheinn,Graham,Glen Shee,56.8550,-3.7200,1061
cairnwell_approach,Cairnwell Summit,Munro,Cairnwell,56.8782,-3.4185,933
meall_dearg_glen_coe,Meall Dearg (Glen Coe),Graham,Glen Coe,56.6181,-5.0120,708
sgor_na_h_ulaidh,Sgòr na h-Ulaidh,Corbett,Glen Coe,56.6527,-5.0482,994
beinn_fhionnlaidh_glen_coe,Beinn Fhionnlaidh (Appin),Munro,Appin,56.5892,-5.1249,959
beinn_molurgainn,Beinn Molurgainn,Graham,Lochaber,56.9028,-5.1726,754
sgurr_an_utha,Sgùrr an Utha,Graham,Lochaber,56.9347,-5.2769,796
sgurr_a_mhuidhe,Sgùrr a' Mhùilidh,Graham,Lochaber,56.9481,-5.2513,679
meall_a_phubuill,Meall a' Phubuill,Graham,Lochaber,56.9637,-5.1682,774
druim_fada,Druim Fada,Graham,Glen Garry,57.0460,-5.3310,712
beinn_bhearnach,Beinn Bhearnach,Graham,Knoydart,57.0734,-5.4610,714
sgurr_an_airgid,Sgùrr an Airgid,Graham,Kintail,57.2570,-5.3490,841
faochaig,Faochaig,Graham,Kintail,57.3079,-5.1885,868
beinn_a_chlachain_kintail,Beinn a' Chlachain,Graham,Kintail,57.2866,-5.2017,769
beinn_na_muice,Beinn na Muice,Graham,Glen Shiel,57.2268,-5.1290,678
ciste_dhubh_graham,Ciste Dhubh,Graham,Glen Moriston,57.1819,-5.1090,979
carn_gorm_glen_lyon,Càrn Gorm,Graham,Glen Lyon,56.6042,-4.2011,1029
sgurr_cos_na_breachd_laoidh_graham,Sgùrr Cos na Breachd-laoidh,Graham,Knoydart,56.9944,-5.5428,832
creach_bheinn,Creachan Mòr,Graham,Mull,56.4038,-5.8780,611
ben_more_mull_corbett,Beinn Mhòr (Mull),Corbett,Mull,56.3832,-6.0104,966
dun_da_ghaoithe,Dùn da Ghaoithe,Corbett,Mull,56.4415,-5.8742,766
speinne_mor,Speinne Mòr,Graham,Mull,56.3970,-5.7800,622
beinn_talaidh,Beinn Talaidh,Graham,Mull,56.4290,-5.7900,762
beinn_a_ghraig,Beinn a' Ghràig,Graham,Mull,56.3840,-5.8280,571
beinn_nan_gabhar,Beinn nan Gabhar,Graham,Mull,56.3610,-5.7200,512
beinn_bhreac_mull,Beinn Bhreac (Mull),Graham,Mull,56.4810,-5.7600,584
sgurr_dearg_skye_2,Sgùrr Dearg (Skye),Munro,Skye,57.2811,-6.2454,986
gillean_skye,Sgùrr nan Gillean,Munro,Skye,57.3247,-6.2447,964
white_coomb,White Coomb,Donald,Southern Uplands,55.4244,-3.3219,821
hart_fell,Hart Fell,Donald,Southern Uplands,55.4061,-3.3768,808
swatte_fell,Swatte Fell,Donald,Southern Uplands,55.3784,-3.3680,728
lochcraig_head,Lochcraig Head,Donald,Southern Uplands,55.4329,-3.2988,800
bodesbeck_law,Bodesbeck Law,Donald,Southern Uplands,55.3896,-3.4184,664
carlavin_hill,Carlavin Hill,Donald,Southern Uplands,55.4005,-3.3950,687
saddle_yoke,Saddle Yoke,Donald,Southern Uplands,55.4133,-3.3533,735
molls_cleuch_dod,Molls Cleuch Dod,Donald,Southern Uplands,55.4261,-3.3406,697
cape_law,Cape Law,Donald,Southern Uplands,55.5028,-3.2900,651
dun_rig,Dun Rig,Donald,Tweedsmuir,55.5373,-3.2700,742
broad_law,Broad Law,Donald,Tweedsmuir,55.4804,-3.3709,840
dollar_law,Dollar Law,Donald,Tweedsmuir,55.4931,-3.3085,817
cramalt_craig,Cramalt Craig,Donald,Tweedsmuir,55.5014,-3.3490,830
talla_cleuch_head,Talla Cleuch Head,Donald,Tweedsmuir,55.4628,-3.3734,731
taberon_law,Taberon Law,Donald,Tweedsmuir,55.4714,-3.3551,728
megget_stone,Megget Stone,Donald,Tweedsmuir,55.4789,-3.3122,659
molls_cleuch_head,Molls Cleuch Head,Donald,Tweedsmuir,55.4261,-3.3406,697
loch_fell,Loch Fell,Donald,Southern Uplands,55.2902,-3.4285,688
ettrick_pen,Ettrick Pen,Donald,Southern Uplands,55.3568,-3.2734,692
capel_fell,Capel Fell,Donald,Southern Uplands,55.3417,-3.3168,678
wind_fell,Wind Fell,Donald,Southern Uplands,55.3236,-3.3522,619
herman_law,Herman Law,Donald,Southern Uplands,55.4575,-3.0858,614
great_hill,Great Hill,Donald,Southern Uplands,55.5087,-3.0700,652
tinto_hill,Tinto,Donald,South Lanarkshire,55.6120,-3.6797,707
culter_fell,Culter Fell,Donald,Tweedsmuir,55.5570,-3.5117,748
chapelgill_hill,Chapelgill Hill,Donald,Tweedsmuir,55.5460,-3.4590,696
hillshaw_head,Hillshaw Head,Donald,Tweedsmuir,55.5200,-3.4290,658
gathersnow_hill,Gathersnow Hill,Donald,Tweedsmuir,55.5320,-3.4830,688
hudderstone,Hudderstone,Donald,Tweedsmuir,55.5450,-3.5500,619
black_mount,Blackmount,Donald,South Lanarkshire,55.5800,-3.5900,631
lowther_hill,Lowther Hill,Donald,Lowther Hills,55.3745,-3.7440,725
green_lowther,Green Lowther,Donald,Lowther Hills,55.3784,-3.7221,732
east_mount_lowther,East Mount Lowther,Donald,Lowther Hills,55.3884,-3.7093,631
cold_moss,Cold Moss,Donald,Lowther Hills,55.3850,-3.6840,581
comb_head,Comb Head,Donald,Lowther Hills,55.4000,-3.7200,611
earncraig_hill,Earncraig Hill,Donald,Lowther Hills,55.4150,-3.6900,575
durisdeer_hill,Durisdeer Hill,Donald,Lowther Hills,55.4310,-3.6880,617
wedder_law,Wedder Law,Donald,Lowther Hills,55.4450,-3.7100,669
scaw'd_law,Scaw'd Law,Donald,Lowther Hills,55.4600,-3.6600,644
euther_fell,Bught Fell,Donald,Lowther Hills,55.3900,-3.8100,583
mersington_law,Mersington Law,Donald,Lowther Hills,55.4750,-3.5890,503
cairnsmore_of_carsphairn,Cairnsmore of Carsphairn,Donald,Galloway,55.2100,-4.1600,797
corserine,Corserine,Donald,Galloway,55.1793,-4.2779,814
millfire,Millfire,Donald,Galloway,55.1450,-4.3150,670
meikle_millyea,Meikle Millyea,Donald,Galloway,55.1650,-4.2700,746
rhinns_of_kells,Rhinns of Kells,Donald,Galloway,55.1900,-4.2550,631
carlin_s_cairn,Carlin's Cairn,Donald,Galloway,55.2030,-4.2460,807
south_garrel_hill,South Garrel Hill,Donald,Galloway,55.2200,-4.2100,681
merrick,Merrick,Donald,Galloway,55.1648,-4.4920,843
benyellary,Benyellary,Donald,Galloway,55.1810,-4.4960,719
kirriereoch_hill,Kirriereoch Hill,Donald,Galloway,55.1920,-4.4430,786
tarfessock,Tarfessock,Donald,Galloway,55.2000,-4.4400,697
shalloch_on_minnoch,Shalloch on Minnoch,Donald,Galloway,55.2310,-4.4820,775
craiglee,Craiglee,Donald,Galloway,55.1200,-4.4100,531
mulwharchar,Mulwharchar,Donald,Galloway,55.1800,-4.4000,692
beninner,Beninner,Donald,Galloway,55.2600,-4.2500,619
rig_of_jarkness,Rig of Jarkness,Donald,Galloway,55.2500,-4.3700,621
larg_hill,Larg Hill,Donald,Galloway,55.1200,-4.3900,674
beinn_maol_chaluim,Beinn Maol Chaluim,Fiona,Glencoe,56.6278,-4.8639,907
stob_dubh_glencoe,Stob Dubh,Fiona,Glencoe,56.6111,-4.9083,883
sgurr_dhomhnuill,Sgùrr Dhomhnuill,Fiona,Ardgour,56.7219,-5.4547,888
beinn_odhar_bheag,Beinn Odhar Bheag,Fiona,Moidart,56.8417,-5.6583,882
beinn_tharsuinn_strathconon,Beinn Tharsuinn,Fiona,Strathconon,57.5528,-4.7583,863
sgurr_mhic_bharraich,Sgùrr Mhic Bharraich,Fiona,Kintail,57.2500,-5.4667,781
meall_nan_subh,Meall nan Subh,Fiona,Breadalbane,56.5694,-4.3361,806
an_sidhean_laggan,An Sidhean,Fiona,Loch Laggan,56.9833,-4.5333,813
carn_na_drochaide_fiona,Carn na Drochaide,Fiona,Cairngorms,57.0889,-3.4278,818
creag_mhor_breadalbane,Creag Mhòr,Fiona,Breadalbane,56.4639,-4.5111,852
pen_y_ghent,Pen y Ghent,Hewitt,Yorkshire,54.1532,-2.2519,694
ingleborough,Ingleborough,Hewitt,Yorkshire,54.1736,-2.3700,723
whernside,Whernside,Hewitt,Yorkshire,54.2229,-2.3964,736
yr_wyddfa,Yr Wyddfa (Snowdon),Hewitt,Snowdonia,53.0682,-4.0762,1085
carnedd_llewelyn,Carnedd Llewelyn,Hewitt,Snowdonia,53.1600,-3.9481,1064
carnedd_dafydd,Carnedd Dafydd,Hewitt,Snowdonia,53.1533,-3.9722,1044
glyder_fawr,Glyder Fawr,Hewitt,Snowdonia,53.1067,-4.0144,1001
glyder_fach,Glyder Fach,Hewitt,Snowdonia,53.1069,-3.9997,994
tryfan,Tryfan,Hewitt,Snowdonia,53.0944,-4.0183,918
pen_yr_ole_wen,Pen yr Ole Wen,Hewitt,Snowdonia,53.1417,-3.9867,978
y_garn_glyders,Y Garn,Hewitt,Snowdonia,53.1208,-4.0264,947
elidir_fawr,Elidir Fawr,Hewitt,Snowdonia,53.1211,-4.1200,924
cross_fell,Cross Fell,Hewitt,Pennines,54.7028,-2.4856,893
high_willhays,High Willhays,Hewitt,Dartmoor,50.6833,-4.0167,621
cadair_idris,Cadair Idris,Hewitt,Mid Wales,52.6997,-3.9056,893
arthurs_seat,Arthur's Seat,Sub 2000,Edinburgh,55.9444,-3.1622,251
ben_aan,Ben A'an,Sub 2000,Trossachs,56.2700,-4.4667,461
conic_hill,Conic Hill,Sub 2000,Loch Lomond,56.0903,-4.5475,361
dumyat,Dumyat,Sub 2000,Ochils,56.1667,-3.8667,418
north_berwick_law,North Berwick Law,Sub 2000,East Lothian,56.0575,-2.7261,187
eildon_mid_hill,Eildon Mid Hill,Sub 2000,Borders,55.5856,-2.7222,422
traprain_law,Traprain Law,Sub 2000,East Lothian,55.9711,-2.6639,221
rubers_law,Rubers Law,Sub 2000,Borders,55.3833,-2.7167,424
bishop_hill,Bishop Hill,Sub 2000,Fife,56.2417,-3.3083,461
roseberry_topping,Roseberry Topping,Sub 2000,North Yorkshire,54.5264,-1.1044,320
wrekin,The Wrekin,Sub 2000,Shropshire,52.6750,-2.5500,407
goat_fell,Goat Fell,Island,Arran,55.6278,-5.2050,874
clisham,Clisham,Island,Harris,57.9350,-6.8533,799
beinn_an_oir,Beinn an Oir,Island,Jura,55.8780,-6.0059,785
ward_hill_hoy,Ward Hill,Island,Orkney,58.8767,-3.3167,481
ronas_hill,Ronas Hill,Island,Shetland,60.5333,-1.4833,450
heaval,Heaval,Island,Barra,56.9725,-7.4658,383
hecla,Hecla,Island,South Uist,57.3453,-7.2731,606
beinn_mhor_uist,Beinn Mhòr,Island,South Uist,57.3083,-7.3333,620
beinn_bheigier,Beinn Bheigier,Island,Islay,55.7697,-6.2028,491
dun_i,Dùn I,Island,Iona,56.3339,-6.4044,101
